시군구,년도,전입인구,전출인구,등록외국인,주민등록인구,출생아수,산부인과의원수,소아청소년과의원수,문화기반시설수
종로구,2013,24676,30007,7797,160070,873,9,4,57
종로구,2014,24191,27484,8351,156993,905,9,4,59
종로구,2015,24951,27470,8836,154986,906,9,4,61
종로구,2016,23604,26386,9185,152737,846,9,4,64
종로구,2017,28020,25814,9487,154770,689,9,4,64
종로구,2018,23187,24798,9961,153065,644,9,4,63
종로구,2019,22271,23945,10579,151290,673,8,4,64
종로구,2020,23632,25254,9612,149384,529,9,4,66
종로구,2021,22204,24428,9106,144683,528,11,4,68
중구,2013,19191,22508,7525,130465,1022,8,4,23
중구,2014,20105,22972,8162,128065,1041,8,3,23
중구,2015,20078,22950,8596,125733,950,9,4,24
중구,2016,20595,21655,9160,125249,959,8,5,24
중구,2017,20904,20574,8884,125709,808,9,5,24
중구,2018,20771,20873,9908,125725,733,10,5,24
중구,2019,19623,19384,10317,126171,783,10,5,25
중구,2020,20777,21733,9395,125240,690,9,5,27
중구,2021,19917,21126,9288,122499,627,9,5,30
용산구,2013,34935,39623,12185,239740,2129,7,9,13
용산구,2014,35618,40635,13963,235951,1976,7,10,14
용산구,2015,37064,41361,14567,233342,1967,8,10,14
용산구,2016,34124,38615,14861,230241,1708,8,9,14
용산구,2017,35154,36622,15283,229161,1464,7,9,16
용산구,2018,37339,37801,16091,228999,1377,8,9,18
용산구,2019,35099,35673,16515,228670,1314,8,9,18
용산구,2020,40282,38985,14605,230040,1176,8,9,18
용산구,2021,36011,39572,14332,222953,1234,9,9,17
성동구,2013,45399,47356,7234,299337,2838,11,19,10
성동구,2014,46521,51349,7805,296086,2654,10,19,11
성동구,2015,48105,49091,8062,297003,2753,10,20,14
성동구,2016,47629,46986,7902,299259,2531,8,20,14
성동구,2017,50416,46031,7903,304808,2462,8,23,14
성동구,2018,51358,49012,8242,308221,2346,9,23,14
성동구,2019,39922,48102,8090,300889,2191,10,25,14
성동구,2020,45153,53096,6949,293556,1945,10,22,15
성동구,2021,39831,46075,6682,285990,1833,10,20,15
광진구,2013,56235,60597,12512,368927,2990,15,21,9
광진구,2014,56778,64189,14021,363354,3011,14,21,10
광진구,2015,58871,63920,14811,360369,2951,14,21,9
광진구,2016,55362,60446,14889,357215,2767,14,20,9
광진구,2017,56010,56647,14595,357703,2347,14,20,9
광진구,2018,55728,58774,15504,355559,2197,14,20,9
광진구,2019,52191,57088,15622,351350,1957,13,19,9
광진구,2020,55926,60703,13427,346682,1532,13,19,11
광진구,2021,51522,56750,12631,339996,1484,12,18,11
동대문구,2013,56066,56084,12172,364273,2651,15,16,10
동대문구,2014,57915,59658,12632,363687,2634,16,16,12
동대문구,2015,55990,60917,13671,360153,2687,15,16,12
동대문구,2016,49591,55622,15243,355069,2383,17,17,10
동대문구,2017,47899,52733,15364,350647,2117,17,17,10
동대문구,2018,54899,57605,16286,348052,1886,18,17,10
동대문구,2019,51660,53660,16829,346194,1884,17,17,11
동대문구,2020,54908,58135,14177,342837,1702,15,15,12
동대문구,2021,48955,51031,14606,337400,1585,15,16,12
중랑구,2013,61677,65539,4439,416798,3265,14,19,4
중랑구,2014,69157,68497,4575,418836,3288,13,19,4
중랑구,2015,64638,71284,4711,413909,3368,12,20,4
중랑구,2016,60566,64823,4672,411005,3085,11,19,4
중랑구,2017,56385,59947,4554,408226,2744,11,19,4
중랑구,2018,54168,59616,4938,403209,2446,11,18,5
중랑구,2019,49446,55932,5009,397015,2244,10,18,6
중랑구,2020,60214,62212,4860,394702,1873,9,17,6
중랑구,2021,52867,57957,4535,387350,1825,9,16,6
성북구,2013,64081,71262,8758,476589,3831,15,25,13
성북구,2014,65082,76521,9255,466706,3537,14,24,15
성북구,2015,66804,76213,10285,459275,3514,14,21,16
성북구,2016,60000,70396,11262,450355,3060,16,21,16
성북구,2017,61285,68221,11352,444055,2631,14,19,19
성북구,2018,57147,65477,11819,435868,2264,13,19,20
성북구,2019,67841,61169,12094,442650,2147,13,19,23
성북구,2020,62953,68231,9903,437153,2041,12,20,24
성북구,2021,59054,62394,9614,430528,1939,12,18,25
강북구,2013,47329,52704,3214,338707,2491,8,13,9
강북구,2014,48224,52641,3385,335025,2360,9,13,11
강북구,2015,47491,52240,3553,330873,2164,9,13,9
강북구,2016,44791,48947,3509,327195,1965,10,12,11
강북구,2017,42231,44809,3523,324479,1772,9,12,12
강북구,2018,40941,45800,3751,319164,1344,9,11,12
강북구,2019,38046,42622,3741,313954,1227,8,10,12
강북구,2020,41625,46656,3514,308055,1049,7,10,12
강북구,2021,37057,42961,3381,299182,994,6,8,12
도봉구,2013,47956,52619,2027,358582,2530,8,16,8
도봉구,2014,45658,51552,2003,353709,2553,8,16,8
도봉구,2015,48961,52460,1999,351242,2481,8,17,10
도봉구,2016,44836,48607,2052,348220,2249,8,17,12
도봉구,2017,40965,45260,2068,344166,1906,7,17,12
도봉구,2018,39518,44213,2236,339413,1707,7,15,10
도봉구,2019,35445,41225,2269,333362,1483,7,15,11
도봉구,2020,40435,47892,2104,325257,1218,6,14,11
도봉구,2021,36895,42682,2007,317366,1136,6,13,12
노원구,2013,74362,83460,3548,590479,4668,17,35,14
노원구,2014,73503,83748,3504,582552,4715,17,35,14
노원구,2015,73528,83672,3638,574583,4462,16,34,15
노원구,2016,72249,81176,3631,567581,4176,16,33,14
노원구,2017,64406,78488,3672,554403,3494,16,34,15
노원구,2018,61867,72748,4408,543752,2851,17,31,19
노원구,2019,57183,68095,4398,532905,2604,17,29,19
노원구,2020,68176,77707,3995,523037,2252,17,29,21
노원구,2021,58736,68473,3990,510956,2225,17,27,22
은평구,2013,77427,77311,4451,503660,4157,17,29,7
은평구,2014,73950,80850,4599,498644,4085,17,28,9
은평구,2015,82375,85329,4658,497920,3870,15,27,12
은평구,2016,74864,82925,4461,491476,3522,13,28,12
은평구,2017,68402,73637,4408,486794,2930,12,27,12
은평구,2018,67489,71519,4469,483197,2703,13,25,14
은평구,2019,69399,72721,4514,480032,2407,13,24,16
은평구,2020,76364,76165,4208,479835,2144,13,22,16
은평구,2021,63269,66951,3866,473307,2076,12,19,16
서대문구,2013,47645,49668,9957,314110,2358,9,14,12
서대문구,2014,45088,49817,10485,310376,2334,9,14,13
서대문구,2015,55729,55165,10964,312141,2175,8,13,14
서대문구,2016,55152,54236,11677,314194,2201,7,13,13
서대문구,2017,48534,50286,12228,312800,1911,10,14,13
서대문구,2018,45861,48484,12767,310313,1647,10,13,13
서대문구,2019,45729,46677,13774,309397,1521,9,13,13
서대문구,2020,56504,53579,10779,312173,1533,9,11,14
서대문구,2021,42484,47061,10840,304819,1426,9,11,14
마포구,2013,60331,65135,9242,381856,3320,22,22,10
마포구,2014,68853,67146,10391,385439,3373,24,22,11
마포구,2015,71484,72254,10708,387643,3626,25,24,11
마포구,2016,62642,72793,10995,379892,3392,26,24,12
마포구,2017,57490,63689,10868,374915,2812,25,23,14
마포구,2018,60227,61071,11282,375077,2528,26,22,14
마포구,2019,57766,59573,11890,374035,2334,26,22,13
마포구,2020,66215,68667,9968,371890,2015,26,19,13
마포구,2021,61543,62124,9781,368905,1959,26,18,14
양천구,2013,63005,68505,4406,492528,3547,17,28,8
양천구,2014,62502,70772,4487,486221,3527,16,27,8
양천구,2015,66589,70624,4478,484532,3526,15,27,7
양천구,2016,65385,74404,4106,477739,3334,15,27,8
양천구,2017,54797,62729,3864,471154,2876,16,26,9
양천구,2018,54579,62414,3960,464185,2387,16,26,12
양천구,2019,50256,56733,4120,458165,2222,15,24,12
양천구,2020,64081,68021,3530,454251,1875,15,22,12
양천구,2021,54952,60442,3185,447302,1827,15,22,12
강서구,2013,84702,86246,6166,569070,5224,14,25,12
강서구,2014,109436,96548,6493,585160,5424,13,27,12
강서구,2015,94604,94501,6617,589074,5812,13,29,13
강서구,2016,95852,93011,6619,595485,5456,13,31,14
강서구,2017,90217,86483,6564,601691,4800,14,34,14
강서구,2018,83699,90281,6662,596949,4260,14,32,14
강서구,2019,78518,85057,6477,591796,3841,18,29,14
강서구,2020,87198,99573,5716,580185,3345,19,27,15
강서구,2021,87269,91368,5453,574315,3006,19,28,14
구로구,2013,56381,62188,27204,424964,4468,16,23,13
구로구,2014,62804,65025,31300,425831,4279,14,21,13
구로구,2015,57099,64052,32512,422092,4257,12,19,13
구로구,2016,54368,61558,32049,417551,3736,12,21,13
구로구,2017,50077,58672,30817,410742,3139,12,19,15
구로구,2018,51108,58543,33989,404497,2658,12,19,15
구로구,2019,54791,53666,32707,406664,2460,12,18,15
구로구,2020,60885,64024,28080,404408,2269,12,18,15
구로구,2021,48170,54880,24409,396754,2229,12,18,16
금천구,2013,34966,38174,17234,241020,1739,8,9,6
금천구,2014,33510,37071,19567,238463,1820,9,10,6
금천구,2015,34056,37303,19883,236284,1885,9,10,6
금천구,2016,34870,36528,19268,235386,1595,10,10,6
금천구,2017,34230,34907,18337,235154,1498,10,10,6
금천구,2018,33794,35508,20104,233917,1314,10,11,6
금천구,2019,32416,33728,19010,232810,1154,11,11,7
금천구,2020,35753,36963,16102,231733,1092,10,11,7
금천구,2021,35663,35047,14080,230811,1012,10,11,7
영등포구,2013,57690,65125,35106,386471,3448,19,21,9
영등포구,2014,59057,65662,39084,382352,3480,18,23,9
영등포구,2015,58936,65678,39307,378504,3611,19,22,10
영등포구,2016,61308,71785,36166,370613,3282,19,20,11
영등포구,2017,62622,66039,33474,368550,2805,18,22,11
영등포구,2018,59862,62108,35822,367778,2698,17,23,12
영등포구,2019,56874,58253,33308,367678,2633,17,24,11
영등포구,2020,79309,68526,27887,379480,2296,17,20,11
영등포구,2021,60565,61108,24071,376837,2402,17,19,11
동작구,2013,70907,67868,10672,410815,3712,10,20,6
동작구,2014,63291,69117,11791,407470,3765,10,17,7
동작구,2015,66694,76096,12133,400641,3643,10,18,7
동작구,2016,66425,68243,12250,400997,3184,10,18,7
동작구,2017,60949,66978,12276,396217,2814,10,16,7
동작구,2018,65099,66105,13182,396203,2417,10,15,8
동작구,2019,61168,62047,12949,395963,2227,9,15,8
동작구,2020,64496,69650,10352,391220,2044,9,15,8
동작구,2021,64257,68311,8881,385483,1831,9,14,9
관악구,2013,89789,97304,17100,518028,4140,20,25,10
관악구,2014,90987,98182,18774,513186,4071,20,25,10
관악구,2015,94590,100724,19368,509663,3960,21,24,10
관악구,2016,91198,96179,18756,506851,3561,21,22,10
관악구,2017,90303,94943,17632,503297,2931,20,22,11
관악구,2018,94403,96477,18083,501957,2582,20,22,11
관악구,2019,93583,95788,17240,500094,2245,20,21,11
관악구,2020,98301,103226,14743,495060,1905,21,20,11
관악구,2021,89756,95711,13750,485699,1707,21,18,10
서초구,2013,80562,76974,4778,441763,4081,26,29,14
서초구,2014,79323,74512,4610,449678,4135,24,29,15
서초구,2015,76543,83320,4494,446764,4078,24,31,14
서초구,2016,71136,74319,4285,447192,3629,25,31,14
서초구,2017,68680,76574,4299,441102,3039,23,31,17
서초구,2018,74658,83489,4212,433951,2919,24,30,19
서초구,2019,63335,67634,4281,430826,2512,26,29,19
서초구,2020,71250,77669,3899,425126,2238,29,28,22
서초구,2021,70064,81777,3888,412279,2163,36,26,22
강남구,2013,96256,100020,5553,563599,4551,46,28,24
강남구,2014,115906,104412,5332,578114,4654,48,27,25
강남구,2015,108537,114523,5265,576495,4595,52,28,24
강남구,2016,95358,108949,5025,567115,4122,52,30,25
강남구,2017,90474,103367,4888,556164,3456,56,29,28
강남구,2018,91611,106802,5089,542364,2940,55,30,25
강남구,2019,95557,93716,5040,545169,2749,53,28,26
강남구,2020,95325,101582,4824,539231,2356,49,28,28
강남구,2021,94082,98106,4758,533042,2204,51,30,27
송파구,2013,99953,108855,6540,668415,5963,24,41,14
송파구,2014,99723,107490,7056,664738,6001,25,42,14
송파구,2015,101994,111346,7178,660302,5899,21,43,18
송파구,2016,105735,112735,7115,657831,5500,21,43,19
송파구,2017,110872,107154,6677,664496,4976,23,46,20
송파구,2018,101060,101486,6872,666635,4567,25,45,20
송파구,2019,123273,116301,6780,675961,4424,24,47,21
송파구,2020,106928,116457,5966,667960,3791,24,45,21
송파구,2021,105181,113651,5627,658338,3469,25,40,20
강동구,2013,68569,75508,4590,483379,4070,20,28,9
강동구,2014,66412,75575,4735,476597,4089,20,29,9
강동구,2015,73720,94194,4663,458658,3865,21,24,9
강동구,2016,67962,84535,4303,444168,3293,19,25,9
강동구,2017,81615,90819,4136,436223,2968,18,23,10
강동구,2018,59334,68933,4347,427573,2659,17,24,12
강동구,2019,75101,67292,4323,436067,2437,17,26,12
강동구,2020,101437,78271,4028,459970,2535,17,25,13
강동구,2021,77883,74444,3808,462664,2810,19,27,13
